yourlist:M202111216320BA52A5CE8FCD097CB85A53697A35307ECBV	Entry	Entry name	Status	Protein names	Gene names	Organism	Length
P06621	P06621	CBPG_PSES6	reviewed	Carboxypeptidase G2 (CPDG2) (EC 3.4.17.11) (Folate hydrolase G2) (Glutamate carboxypeptidase) (Pteroylmonoglutamic acid hydrolase G2) (Glucarpidase)	cpg2	Pseudomonas sp. (strain RS-16)	415
Q5FPX5	Q5FPX5	DAPE_GLUOX	reviewed	Succinyl-diaminopimelate desuccinylase (SDAP desuccinylase) (EC 3.5.1.18) (N-succinyl-LL-2,6-diaminoheptanedioate amidohydrolase)	dapE GOX1832	Gluconobacter oxydans (strain 621H) (Gluconobacter suboxydans)	381
A9ILD7	A9ILD7	DAPE_BART1	reviewed	Succinyl-diaminopimelate desuccinylase (SDAP desuccinylase) (EC 3.5.1.18) (N-succinyl-LL-2,6-diaminoheptanedioate amidohydrolase)	dapE BT_0051	Bartonella tribocorum (strain CIP 105476 / IBS 506)	390
A5ESQ3	A5ESQ3	DAPE_BRASB	reviewed	Succinyl-diaminopimelate desuccinylase (SDAP desuccinylase) (EC 3.5.1.18) (N-succinyl-LL-2,6-diaminoheptanedioate amidohydrolase)	dapE BBta_7333	Bradyrhizobium sp. (strain BTAi1 / ATCC BAA-1182)	384
Q59284	Q59284	DAPE_CORGL	reviewed	Succinyl-diaminopimelate desuccinylase (SDAP desuccinylase) (EC 3.5.1.18)	dapE Cgl1109 cg1260	Corynebacterium glutamicum (strain ATCC 13032 / DSM 20300 / BCRC 11384 / JCM 1318 / LMG 3730 / NCIMB 10025)	369
A5CCZ1	A5CCZ1	DAPE_ORITB	reviewed	Succinyl-diaminopimelate desuccinylase (SDAP desuccinylase) (EC 3.5.1.18) (N-succinyl-LL-2,6-diaminoheptanedioate amidohydrolase)	dapE OTBS_0555	Orientia tsutsugamushi (strain Boryong) (Rickettsia tsutsugamushi)	388
Q6G567	Q6G567	DAPE_BARHE	reviewed	Succinyl-diaminopimelate desuccinylase (SDAP desuccinylase) (EC 3.5.1.18) (N-succinyl-LL-2,6-diaminoheptanedioate amidohydrolase)	dapE BH00520	Bartonella henselae (strain ATCC 49882 / DSM 28221 / Houston 1) (Rochalimaea henselae)	390
Q976K1	Q976K1	LYSK_SULTO	reviewed	[LysW]-lysine/[LysW]-ornithine hydrolase (EC 3.5.1.130) (EC 3.5.1.132)	lysK STK_01900	Sulfurisphaera tokodaii (strain DSM 16993 / JCM 10545 / NBRC 100140 / 7) (Sulfolobus tokodaii)	346
Q980W5	Q980W5	LYSK_SACS2	reviewed	[LysW]-lysine/[LysW]-ornithine hydrolase (EC 3.5.1.130) (EC 3.5.1.132)	lysK SSO0162	Saccharolobus solfataricus (strain ATCC 35092 / DSM 1617 / JCM 11322 / P2) (Sulfolobus solfataricus)	346
B3CRZ3	B3CRZ3	DAPE_ORITI	reviewed	Succinyl-diaminopimelate desuccinylase (SDAP desuccinylase) (EC 3.5.1.18) (N-succinyl-LL-2,6-diaminoheptanedioate amidohydrolase)	dapE OTT_0792	Orientia tsutsugamushi (strain Ikeda) (Rickettsia tsutsugamushi)	388
Q5WY21	Q5WY21	DAPE_LEGPL	reviewed	Succinyl-diaminopimelate desuccinylase (SDAP desuccinylase) (EC 3.5.1.18) (N-succinyl-LL-2,6-diaminoheptanedioate amidohydrolase)	dapE lpl0918	Legionella pneumophila (strain Lens)	377
Q6G1H9	Q6G1H9	DAPE_BARQU	reviewed	Succinyl-diaminopimelate desuccinylase (SDAP desuccinylase) (EC 3.5.1.18) (N-succinyl-LL-2,6-diaminoheptanedioate amidohydrolase)	dapE BQ00460	Bartonella quintana (strain Toulouse) (Rochalimaea quintana)	390
P54542	P54542	YQJE_BACSU	reviewed	Uncharacterized protein YqjE	yqjE BSU23910	Bacillus subtilis (strain 168)	371
Q4JAP7	Q4JAP7	LYSK_SULAC	reviewed	[LysW]-lysine/[LysW]-ornithine hydrolase (EC 3.5.1.130) (EC 3.5.1.132)	lysK Saci_0756	Sulfolobus acidocaldarius (strain ATCC 33909 / DSM 639 / JCM 8929 / NBRC 15157 / NCIMB 11770)	346
A4YLC3	A4YLC3	DAPE_BRASO	reviewed	Succinyl-diaminopimelate desuccinylase (SDAP desuccinylase) (EC 3.5.1.18) (N-succinyl-LL-2,6-diaminoheptanedioate amidohydrolase)	dapE BRADO0774	Bradyrhizobium sp. (strain ORS 278)	384
A5IG28	A5IG28	DAPE_LEGPC	reviewed	Succinyl-diaminopimelate desuccinylase (SDAP desuccinylase) (EC 3.5.1.18) (N-succinyl-LL-2,6-diaminoheptanedioate amidohydrolase)	dapE LPC_2406	Legionella pneumophila (strain Corby)	377
Q5X6L7	Q5X6L7	DAPE_LEGPA	reviewed	Succinyl-diaminopimelate desuccinylase (SDAP desuccinylase) (EC 3.5.1.18) (N-succinyl-LL-2,6-diaminoheptanedioate amidohydrolase)	dapE lpp0948	Legionella pneumophila (strain Paris)	377
P9WHS8	P9WHS8	DAPE_MYCTO	reviewed	Putative succinyl-diaminopimelate desuccinylase DapE (SDAP desuccinylase) (EC 3.5.1.18)	dapE MT1240	Mycobacterium tuberculosis (strain CDC 1551 / Oshkosh)	354
A4WG54	A4WG54	ARGE_ENT38	reviewed	Acetylornithine deacetylase (AO) (Acetylornithinase) (EC 3.5.1.16) (N-acetylornithinase) (NAO)	argE Ent638_4029	Enterobacter sp. (strain 638)	383
P65807	P65807	YGEY_ECOLI	reviewed	Uncharacterized protein YgeY	ygeY b2872 JW2840	Escherichia coli (strain K12)	403
Q3YV19	Q3YV19	ARGE_SHISS	reviewed	Acetylornithine deacetylase (AO) (Acetylornithinase) (EC 3.5.1.16) (N-acetylornithinase) (NAO)	argE SSON_4130	Shigella sonnei (strain Ss046)	383
A8F303	A8F303	DAPE_RICM5	reviewed	Succinyl-diaminopimelate desuccinylase (SDAP desuccinylase) (EC 3.5.1.18) (N-succinyl-LL-2,6-diaminoheptanedioate amidohydrolase)	dapE RMA_1358	Rickettsia massiliae (strain Mtu5)	381
A8GU44	A8GU44	DAPE_RICRS	reviewed	Succinyl-diaminopimelate desuccinylase (SDAP desuccinylase) (EC 3.5.1.18) (N-succinyl-LL-2,6-diaminoheptanedioate amidohydrolase)	dapE A1G_07400	Rickettsia rickettsii (strain Sheila Smith)	381
O74916	O74916	YJ75_SCHPO	reviewed	Peptidase M20 domain-containing protein C757.05c	SPCC757.05c	Schizosaccharomyces pombe (strain 972 / ATCC 24843) (Fission yeast)	400
Q8ZUG2	Q8ZUG2	LYSK_PYRAE	reviewed	Putative [LysW]-lysine/[LysW]-ornithine hydrolase (EC 3.5.1.130) (EC 3.5.1.132)	lysK PAE2798	Pyrobaculum aerophilum (strain ATCC 51768 / DSM 7523 / JCM 9630 / CIP 104966 / NBRC 100827 / IM2)	341
B1LNR7	B1LNR7	ARGE_ECOSM	reviewed	Acetylornithine deacetylase (AO) (Acetylornithinase) (EC 3.5.1.16) (N-acetylornithinase) (NAO)	argE EcSMS35_4404	Escherichia coli (strain SMS-3-5 / SECEC)	383
Q31U31	Q31U31	ARGE_SHIBS	reviewed	Acetylornithine deacetylase (AO) (Acetylornithinase) (EC 3.5.1.16) (N-acetylornithinase) (NAO)	argE SBO_3976	Shigella boydii serotype 4 (strain Sb227)	383
B2VGA3	B2VGA3	ARGE_ERWT9	reviewed	Acetylornithine deacetylase (AO) (Acetylornithinase) (EC 3.5.1.16) (N-acetylornithinase) (NAO)	argE ETA_01340	Erwinia tasmaniensis (strain DSM 17950 / CFBP 7177 / CIP 109463 / NCPPB 4357 / Et1/99)	383
B1IVC1	B1IVC1	ARGE_ECOLC	reviewed	Acetylornithine deacetylase (AO) (Acetylornithinase) (EC 3.5.1.16) (N-acetylornithinase) (NAO)	argE EcolC_4059	Escherichia coli (strain ATCC 8739 / DSM 1576 / NBRC 3972 / NCIMB 8545 / WDCM 00012 / Crooks)	383
B2TWF2	B2TWF2	ARGE_SHIB3	reviewed	Acetylornithine deacetylase (AO) (Acetylornithinase) (EC 3.5.1.16) (N-acetylornithinase) (NAO)	argE SbBS512_E4443	Shigella boydii serotype 18 (strain CDC 3083-94 / BS512)	383
A7MXC2	A7MXC2	ARGE_VIBCB	reviewed	Acetylornithine deacetylase (AO) (Acetylornithinase) (EC 3.5.1.16) (N-acetylornithinase) (NAO)	argE VIBHAR_00044	Vibrio campbellii (strain ATCC BAA-1116 / BB120)	378
A8A765	A8A765	ARGE_ECOHS	reviewed	Acetylornithine deacetylase (AO) (Acetylornithinase) (EC 3.5.1.16) (N-acetylornithinase) (NAO)	argE EcHS_A4191	Escherichia coli O9:H4 (strain HS)	383
Q32AB8	Q32AB8	ARGE_SHIDS	reviewed	Acetylornithine deacetylase (AO) (Acetylornithinase) (EC 3.5.1.16) (N-acetylornithinase) (NAO)	argE SDY_3792	Shigella dysenteriae serotype 1 (strain Sd197)	383
Q98D57	Q98D57	DAPE_RHILO	reviewed	Succinyl-diaminopimelate desuccinylase (SDAP desuccinylase) (EC 3.5.1.18) (N-succinyl-LL-2,6-diaminoheptanedioate amidohydrolase)	dapE mlr4849	Mesorhizobium japonicum (strain LMG 29417 / CECT 9101 / MAFF 303099) (Mesorhizobium loti (strain MAFF 303099))	397
A1UUD2	A1UUD2	DAPE_BARBK	reviewed	Succinyl-diaminopimelate desuccinylase (SDAP desuccinylase) (EC 3.5.1.18) (N-succinyl-LL-2,6-diaminoheptanedioate amidohydrolase)	dapE BARBAKC583_1338	Bartonella bacilliformis (strain ATCC 35685 / NCTC 12138 / KC583)	390
Q57899	Q57899	Y457_METJA	reviewed	Uncharacterized metallohydrolase MJ0457 (EC 3.-.-.-)	MJ0457	Methanocaldococcus jannaschii (strain ATCC 43067 / DSM 2661 / JAL-1 / JCM 10045 / NBRC 100440) (Methanococcus jannaschii)	410
C3PM12	C3PM12	DAPE_RICAE	reviewed	Succinyl-diaminopimelate desuccinylase (SDAP desuccinylase) (EC 3.5.1.18) (N-succinyl-LL-2,6-diaminoheptanedioate amidohydrolase)	dapE RAF_ORF1234	Rickettsia africae (strain ESF-5)	381
B1ZGA7	B1ZGA7	DAPE_METPB	reviewed	Succinyl-diaminopimelate desuccinylase (SDAP desuccinylase) (EC 3.5.1.18) (N-succinyl-LL-2,6-diaminoheptanedioate amidohydrolase)	dapE Mpop_1601	Methylorubrum populi (strain ATCC BAA-705 / NCIMB 13946 / BJ001) (Methylobacterium populi)	387
A8GQ98	A8GQ98	DAPE_RICAH	reviewed	Succinyl-diaminopimelate desuccinylase (SDAP desuccinylase) (EC 3.5.1.18) (N-succinyl-LL-2,6-diaminoheptanedioate amidohydrolase)	dapE A1C_06750	Rickettsia akari (strain Hartford)	381
B0T134	B0T134	DAPE_CAUSK	reviewed	Succinyl-diaminopimelate desuccinylase (SDAP desuccinylase) (EC 3.5.1.18) (N-succinyl-LL-2,6-diaminoheptanedioate amidohydrolase)	dapE Caul_4562	Caulobacter sp. (strain K31)	387
A9W376	A9W376	DAPE_METEP	reviewed	Succinyl-diaminopimelate desuccinylase (SDAP desuccinylase) (EC 3.5.1.18) (N-succinyl-LL-2,6-diaminoheptanedioate amidohydrolase)	dapE Mext_1633	Methylorubrum extorquens (strain PA1) (Methylobacterium extorquens)	385
B5XZ19	B5XZ19	ARGE_KLEP3	reviewed	Acetylornithine deacetylase (AO) (Acetylornithinase) (EC 3.5.1.16) (N-acetylornithinase) (NAO)	argE KPK_5435	Klebsiella pneumoniae (strain 342)	383
B7UNT3	B7UNT3	ARGE_ECO27	reviewed	Acetylornithine deacetylase (AO) (Acetylornithinase) (EC 3.5.1.16) (N-acetylornithinase) (NAO)	argE E2348C_4269	Escherichia coli O127:H6 (strain E2348/69 / EPEC)	383
B7MI93	B7MI93	ARGE_ECO45	reviewed	Acetylornithine deacetylase (AO) (Acetylornithinase) (EC 3.5.1.16) (N-acetylornithinase) (NAO)	argE ECS88_4412	Escherichia coli O45:K1 (strain S88 / ExPEC)	383
B7NFQ7	B7NFQ7	ARGE_ECOLU	reviewed	Acetylornithine deacetylase (AO) (Acetylornithinase) (EC 3.5.1.16) (N-acetylornithinase) (NAO)	argE ECUMN_4488	Escherichia coli O17:K52:H18 (strain UMN026 / ExPEC)	383
B6I5H3	B6I5H3	ARGE_ECOSE	reviewed	Acetylornithine deacetylase (AO) (Acetylornithinase) (EC 3.5.1.16) (N-acetylornithinase) (NAO)	argE ECSE_4250	Escherichia coli (strain SE11)	383
A7ZUH5	A7ZUH5	ARGE_ECO24	reviewed	Acetylornithine deacetylase (AO) (Acetylornithinase) (EC 3.5.1.16) (N-acetylornithinase) (NAO)	argE EcE24377A_4496	Escherichia coli O139:H28 (strain E24377A / ETEC)	383
B7NU43	B7NU43	ARGE_ECO7I	reviewed	Acetylornithine deacetylase (AO) (Acetylornithinase) (EC 3.5.1.16) (N-acetylornithinase) (NAO)	argE ECIAI39_3032	Escherichia coli O7:K1 (strain IAI39 / ExPEC)	383
Q8DCN1	Q8DCN1	ARGE_VIBVU	reviewed	Acetylornithine deacetylase (AO) (Acetylornithinase) (EC 3.5.1.16) (N-acetylornithinase) (NAO)	argE VV1_1370	Vibrio vulnificus (strain CMCP6)	378
Q0SY37	Q0SY37	ARGE_SHIF8	reviewed	Acetylornithine deacetylase (AO) (Acetylornithinase) (EC 3.5.1.16) (N-acetylornithinase) (NAO)	argE SFV_4026	Shigella flexneri serotype 5b (strain 8401)	383
Q0A7H5	Q0A7H5	DAPE_ALKEH	reviewed	Succinyl-diaminopimelate desuccinylase (SDAP desuccinylase) (EC 3.5.1.18) (N-succinyl-LL-2,6-diaminoheptanedioate amidohydrolase)	dapE Mlg_1868	Alkalilimnicola ehrlichii (strain ATCC BAA-1101 / DSM 17681 / MLHE-1)	375
Q1MM75	Q1MM75	DAPE_RHIL3	reviewed	Succinyl-diaminopimelate desuccinylase (SDAP desuccinylase) (EC 3.5.1.18) (N-succinyl-LL-2,6-diaminoheptanedioate amidohydrolase)	dapE RL0436	Rhizobium leguminosarum bv. viciae (strain 3841)	397
Q7MH69	Q7MH69	ARGE_VIBVY	reviewed	Acetylornithine deacetylase (AO) (Acetylornithinase) (EC 3.5.1.16) (N-acetylornithinase) (NAO)	argE VV3003	Vibrio vulnificus (strain YJ016)	378
Q1GRJ2	Q1GRJ2	DAPE_SPHAL	reviewed	Succinyl-diaminopimelate desuccinylase (SDAP desuccinylase) (EC 3.5.1.18) (N-succinyl-LL-2,6-diaminoheptanedioate amidohydrolase)	dapE Sala_2019	Sphingopyxis alaskensis (strain DSM 13593 / LMG 18877 / RB2256) (Sphingomonas alaskensis)	377
P59601	P59601	ARGE_VIBPA	reviewed	Acetylornithine deacetylase (AO) (Acetylornithinase) (EC 3.5.1.16) (N-acetylornithinase) (NAO)	argE VP2760	Vibrio parahaemolyticus serotype O3:K6 (strain RIMD 2210633)	378
P59600	P59600	ARGE_SHIFL	reviewed	Acetylornithine deacetylase (AO) (Acetylornithinase) (EC 3.5.1.16) (N-acetylornithinase) (NAO)	argE SF4034 S3712	Shigella flexneri	383
B4TCQ3	B4TCQ3	ARGE_SALHS	reviewed	Acetylornithine deacetylase (AO) (Acetylornithinase) (EC 3.5.1.16) (N-acetylornithinase) (NAO)	argE SeHA_C4448	Salmonella heidelberg (strain SL476)	383
Q13F22	Q13F22	DAPE_RHOPS	reviewed	Succinyl-diaminopimelate desuccinylase (SDAP desuccinylase) (EC 3.5.1.18) (N-succinyl-LL-2,6-diaminoheptanedioate amidohydrolase)	dapE RPD_0077	Rhodopseudomonas palustris (strain BisB5)	388
B5Z059	B5Z059	ARGE_ECO5E	reviewed	Acetylornithine deacetylase (AO) (Acetylornithinase) (EC 3.5.1.16) (N-acetylornithinase) (NAO)	argE ECH74115_5417	Escherichia coli O157:H7 (strain EC4115 / EHEC)	383
A9MI13	A9MI13	ARGE_SALAR	reviewed	Acetylornithine deacetylase (AO) (Acetylornithinase) (EC 3.5.1.16) (N-acetylornithinase) (NAO)	argE SARI_03544	Salmonella arizonae (strain ATCC BAA-731 / CDC346-86 / RSK2980)	383
A8F095	A8F095	DAPE_RICCK	reviewed	Succinyl-diaminopimelate desuccinylase (SDAP desuccinylase) (EC 3.5.1.18) (N-succinyl-LL-2,6-diaminoheptanedioate amidohydrolase)	dapE A1E_05585	Rickettsia canadensis (strain McKiel)	384
Q4UJR2	Q4UJR2	DAPE_RICFE	reviewed	Succinyl-diaminopimelate desuccinylase (SDAP desuccinylase) (EC 3.5.1.18) (N-succinyl-LL-2,6-diaminoheptanedioate amidohydrolase)	dapE RF_1376	Rickettsia felis (strain ATCC VR-1525 / URRWXCal2) (Rickettsia azadi)	381
A9N0G7	A9N0G7	ARGE_SALPB	reviewed	Acetylornithine deacetylase (AO) (Acetylornithinase) (EC 3.5.1.16) (N-acetylornithinase) (NAO)	argE SPAB_05105	Salmonella paratyphi B (strain ATCC BAA-1250 / SPB7)	383
B5F0U6	B5F0U6	ARGE_SALA4	reviewed	Acetylornithine deacetylase (AO) (Acetylornithinase) (EC 3.5.1.16) (N-acetylornithinase) (NAO)	argE SeAg_B4361	Salmonella agona (strain SL483)	383
Q8Z308	Q8Z308	ARGE_SALTI	reviewed	Acetylornithine deacetylase (AO) (Acetylornithinase) (EC 3.5.1.16) (N-acetylornithinase) (NAO)	argE STY3753 t3504	Salmonella typhi	383
B5BJN1	B5BJN1	ARGE_SALPK	reviewed	Acetylornithine deacetylase (AO) (Acetylornithinase) (EC 3.5.1.16) (N-acetylornithinase) (NAO)	argE SSPA3684	Salmonella paratyphi A (strain AKU_12601)	383
A7FCZ8	A7FCZ8	ARGE_YERP3	reviewed	Acetylornithine deacetylase (AO) (Acetylornithinase) (EC 3.5.1.16) (N-acetylornithinase) (NAO)	argE YpsIP31758_0126	Yersinia pseudotuberculosis serotype O:1b (strain IP 31758)	389
Q8ZKL9	Q8ZKL9	ARGE_SALTY	reviewed	Acetylornithine deacetylase (AO) (Acetylornithinase) (EC 3.5.1.16) (N-acetylornithinase) (NAO)	argE STM4120	Salmonella typhimurium (strain LT2 / SGSC1412 / ATCC 700720)	383
O34984	O34984	YODQ_BACSU	reviewed	Uncharacterized metallohydrolase YodQ (EC 3.-.-.-)	yodQ argE yokP BSU19710	Bacillus subtilis (strain 168)	436
Q0ASJ5	Q0ASJ5	DAPE_MARMM	reviewed	Succinyl-diaminopimelate desuccinylase (SDAP desuccinylase) (EC 3.5.1.18) (N-succinyl-LL-2,6-diaminoheptanedioate amidohydrolase)	dapE Mmar10_0449	Maricaulis maris (strain MCS10)	390
B1M6P0	B1M6P0	DAPE_METRJ	reviewed	Succinyl-diaminopimelate desuccinylase (SDAP desuccinylase) (EC 3.5.1.18) (N-succinyl-LL-2,6-diaminoheptanedioate amidohydrolase)	dapE Mrad2831_3149	Methylobacterium radiotolerans (strain ATCC 27329 / DSM 1819 / JCM 2831 / NBRC 15690 / NCIMB 10815 / 0-1)	392
Q9CLT9	Q9CLT9	ARGE_PASMU	reviewed	Acetylornithine deacetylase (AO) (Acetylornithinase) (EC 3.5.1.16) (N-acetylornithinase) (NAO)	argE PM1117	Pasteurella multocida (strain Pm70)	382
Q11LD2	Q11LD2	DAPE_CHESB	reviewed	Succinyl-diaminopimelate desuccinylase (SDAP desuccinylase) (EC 3.5.1.18) (N-succinyl-LL-2,6-diaminoheptanedioate amidohydrolase)	dapE Meso_0389	Chelativorans sp. (strain BNC1)	395
B7LUN8	B7LUN8	ARGE_ESCF3	reviewed	Acetylornithine deacetylase (AO) (Acetylornithinase) (EC 3.5.1.16) (N-acetylornithinase) (NAO)	argE EFER_3806	Escherichia fergusonii (strain ATCC 35469 / DSM 13698 / CCUG 18766 / IAM 14443 / JCM 21226 / LMG 7866 / NBRC 102419 / NCTC 12128 / CDC 0568-73)	383
B7VLL4	B7VLL4	ARGE_VIBA3	reviewed	Acetylornithine deacetylase (AO) (Acetylornithinase) (EC 3.5.1.16) (N-acetylornithinase) (NAO)	argE VS_2889	Vibrio atlanticus (strain LGP32) (Vibrio splendidus (strain Mel32))	378
Q1RGL3	Q1RGL3	DAPE_RICBR	reviewed	Succinyl-diaminopimelate desuccinylase (SDAP desuccinylase) (EC 3.5.1.18) (N-succinyl-LL-2,6-diaminoheptanedioate amidohydrolase)	dapE RBE_1420	Rickettsia bellii (strain RML369-C)	391
A8GYC8	A8GYC8	DAPE_RICB8	reviewed	Succinyl-diaminopimelate desuccinylase (SDAP desuccinylase) (EC 3.5.1.18) (N-succinyl-LL-2,6-diaminoheptanedioate amidohydrolase)	dapE A1I_07900	Rickettsia bellii (strain OSU 85-389)	391
A0R2G4	A0R2G4	DAPE_MYCS2	reviewed	Succinyl-diaminopimelate desuccinylase (SDAP desuccinylase) (EC 3.5.1.18) (N-succinyl-LL-2,6-diaminoheptanedioate amidohydrolase)	dapE MSMEI_4975	Mycolicibacterium smegmatis (strain ATCC 700084 / mc(2)155) (Mycobacterium smegmatis)	355
B9JZL9	B9JZL9	DAPE_AGRVS	reviewed	Succinyl-diaminopimelate desuccinylase (SDAP desuccinylase) (EC 3.5.1.18) (N-succinyl-LL-2,6-diaminoheptanedioate amidohydrolase)	dapE Avi_0474	Agrobacterium vitis (strain S4 / ATCC BAA-846) (Rhizobium vitis (strain S4))	404
P54983	P54983	AMHX_BACSU	reviewed	Amidohydrolase AmhX (EC 3.5.1.-) (Aminoacylase)	amhX BSU03010	Bacillus subtilis (strain 168)	383
C4KJ24	C4KJ24	LYSK_SULIK	reviewed	[LysW]-lysine/[LysW]-ornithine hydrolase (EC 3.5.1.130) (EC 3.5.1.132)	lysK M164_1984	Sulfolobus islandicus (strain M.16.4 / Kamchatka #3)	346
B7KVW2	B7KVW2	DAPE_METC4	reviewed	Succinyl-diaminopimelate desuccinylase (SDAP desuccinylase) (EC 3.5.1.18) (N-succinyl-LL-2,6-diaminoheptanedioate amidohydrolase)	dapE Mchl_1915	Methylorubrum extorquens (strain CM4 / NCIMB 13688) (Methylobacterium extorquens)	385
Q2J2C3	Q2J2C3	DAPE_RHOP2	reviewed	Succinyl-diaminopimelate desuccinylase (SDAP desuccinylase) (EC 3.5.1.18) (N-succinyl-LL-2,6-diaminoheptanedioate amidohydrolase)	dapE RPB_0676	Rhodopseudomonas palustris (strain HaA2)	389
B8GYE7	B8GYE7	DAPE_CAUVN	reviewed	Succinyl-diaminopimelate desuccinylase (SDAP desuccinylase) (EC 3.5.1.18) (N-succinyl-LL-2,6-diaminoheptanedioate amidohydrolase)	dapE CCNA_00277	Caulobacter vibrioides (strain NA1000 / CB15N) (Caulobacter crescentus)	386
A9HKR2	A9HKR2	DAPE_GLUDA	reviewed	Succinyl-diaminopimelate desuccinylase (SDAP desuccinylase) (EC 3.5.1.18) (N-succinyl-LL-2,6-diaminoheptanedioate amidohydrolase)	dapE GDI2131 Gdia_0350	Gluconacetobacter diazotrophicus (strain ATCC 49037 / DSM 5601 / CCUG 37298 / CIP 103539 / LMG 7603 / PAl5)	385
Q73GZ0	Q73GZ0	DAPE_WOLPM	reviewed	Succinyl-diaminopimelate desuccinylase (SDAP desuccinylase) (EC 3.5.1.18) (N-succinyl-LL-2,6-diaminoheptanedioate amidohydrolase)	dapE WD_0788	Wolbachia pipientis wMel	398
Q9ZC93	Q9ZC93	DAPE_RICPR	reviewed	Succinyl-diaminopimelate desuccinylase (SDAP desuccinylase) (EC 3.5.1.18) (N-succinyl-LL-2,6-diaminoheptanedioate amidohydrolase)	dapE RP874	Rickettsia prowazekii (strain Madrid E)	383
A9CKC4	A9CKC4	DAPE_AGRFC	reviewed	Succinyl-diaminopimelate desuccinylase (SDAP desuccinylase) (EC 3.5.1.18) (N-succinyl-LL-2,6-diaminoheptanedioate amidohydrolase)	dapE Atu0370 AGR_C_647	Agrobacterium fabrum (strain C58 / ATCC 33970) (Agrobacterium tumefaciens (strain C58))	398
P59085	P59085	ARGE_BUCAP	reviewed	Acetylornithine deacetylase (AO) (Acetylornithinase) (EC 3.5.1.16) (N-acetylornithinase) (NAO)	argE BUsg_044	Buchnera aphidicola subsp. Schizaphis graminum (strain Sg)	381
C3MJ44	C3MJ44	LYSK_SULIL	reviewed	[LysW]-lysine/[LysW]-ornithine hydrolase (EC 3.5.1.130) (EC 3.5.1.132)	lysK LS215_2143	Sulfolobus islandicus (strain L.S.2.15 / Lassen #1)	346
C3MZU1	C3MZU1	LYSK_SULIA	reviewed	[LysW]-lysine/[LysW]-ornithine hydrolase (EC 3.5.1.130) (EC 3.5.1.132)	lysK M1627_2056	Sulfolobus islandicus (strain M.16.27)	346
C5BC62	C5BC62	ARGE_EDWI9	reviewed	Acetylornithine deacetylase (AO) (Acetylornithinase) (EC 3.5.1.16) (N-acetylornithinase) (NAO)	argE NT01EI_3849	Edwardsiella ictaluri (strain 93-146)	383
Q28VJ1	Q28VJ1	DAPE_JANSC	reviewed	Succinyl-diaminopimelate desuccinylase (SDAP desuccinylase) (EC 3.5.1.18) (N-succinyl-LL-2,6-diaminoheptanedioate amidohydrolase)	dapE Jann_0354	Jannaschia sp. (strain CCS1)	388
C3NF46	C3NF46	LYSK_SULIN	reviewed	[LysW]-lysine/[LysW]-ornithine hydrolase (EC 3.5.1.130) (EC 3.5.1.132)	lysK YN1551_0817	Sulfolobus islandicus (strain Y.N.15.51 / Yellowstone #2)	346
B6EMN5	B6EMN5	ARGE_ALISL	reviewed	Acetylornithine deacetylase (AO) (Acetylornithinase) (EC 3.5.1.16) (N-acetylornithinase) (NAO)	argE VSAL_I2755	Aliivibrio salmonicida (strain LFI1238) (Vibrio salmonicida (strain LFI1238))	378
Q5AKA5	Q5AKA5	DUG1_CANAL	reviewed	Cys-Gly metallodipeptidase DUG1 (EC 3.4.13.-) (Deficient in utilization of glutathione protein 1) (GSH degradosomal complex subunit DUG1)	DUG1 CAALFM_C504300CA CaO19.11397 CaO19.3915	Candida albicans (strain SC5314 / ATCC MYA-2876) (Yeast)	485
Q30QK9	Q30QK9	DAPE_SULDN	reviewed	Succinyl-diaminopimelate desuccinylase (SDAP desuccinylase) (EC 3.5.1.18) (N-succinyl-LL-2,6-diaminoheptanedioate amidohydrolase)	dapE Suden_1445	Sulfurimonas denitrificans (strain ATCC 33889 / DSM 1251) (Thiomicrospira denitrificans (strain ATCC 33889 / DSM 1251))	365
P44765	P44765	ABGA_HAEIN	reviewed	p-aminobenzoyl-glutamate hydrolase subunit A homolog (EC 3.5.1.-) (PABA-GLU hydrolase) (PGH)	abgA HI_0584	Haemophilus influenzae (strain ATCC 51907 / DSM 11121 / KW20 / Rd)	423
A0RNM0	A0RNM0	DAPE_CAMFF	reviewed	Succinyl-diaminopimelate desuccinylase (SDAP desuccinylase) (EC 3.5.1.18) (N-succinyl-LL-2,6-diaminoheptanedioate amidohydrolase)	dapE CFF8240_0627	Campylobacter fetus subsp. fetus (strain 82-40)	365
O68873	O68873	ARGE_MYXXA	reviewed	Acetylornithine deacetylase (AO) (Acetylornithinase) (EC 3.5.1.16) (N-acetylornithinase) (NAO)	argE	Myxococcus xanthus	380
Q58892	Q58892	Y1497_METJA	reviewed	Uncharacterized metallohydrolase MJ1497 (EC 3.-.-.-)	MJ1497	Methanocaldococcus jannaschii (strain ATCC 43067 / DSM 2661 / JAL-1 / JCM 10045 / NBRC 100440) (Methanococcus jannaschii)	346
B3CLN1	B3CLN1	DAPE_WOLPP	reviewed	Succinyl-diaminopimelate desuccinylase (SDAP desuccinylase) (EC 3.5.1.18) (N-succinyl-LL-2,6-diaminoheptanedioate amidohydrolase)	dapE WP0691	Wolbachia pipientis subsp. Culex pipiens (strain wPip)	398
Q2RNM1	Q2RNM1	DAPE_RHORT	reviewed	Succinyl-diaminopimelate desuccinylase (SDAP desuccinylase) (EC 3.5.1.18) (N-succinyl-LL-2,6-diaminoheptanedioate amidohydrolase)	dapE Rru_A3480	Rhodospirillum rubrum (strain ATCC 11170 / ATH 1.1.1 / DSM 467 / LMG 4362 / NCIMB 8255 / S1)	392
P57155	P57155	ARGE_BUCAI	reviewed	Acetylornithine deacetylase (AO) (Acetylornithinase) (EC 3.5.1.16) (N-acetylornithinase) (NAO)	argE BU047	Buchnera aphidicola subsp. Acyrthosiphon pisum (strain APS) (Acyrthosiphon pisum symbiotic bacterium)	381
Q492F7	Q492F7	DAPE_BLOPB	reviewed	Succinyl-diaminopimelate desuccinylase (SDAP desuccinylase) (EC 3.5.1.18) (N-succinyl-LL-2,6-diaminoheptanedioate amidohydrolase)	dapE BPEN_534	Blochmannia pennsylvanicus (strain BPEN)	384
Q2GHW1	Q2GHW1	DAPE_EHRCR	reviewed	Succinyl-diaminopimelate desuccinylase (SDAP desuccinylase) (EC 3.5.1.18) (N-succinyl-LL-2,6-diaminoheptanedioate amidohydrolase)	dapE ECH_0144	Ehrlichia chaffeensis (strain ATCC CRL-10679 / Arkansas)	381
Q5B131	Q5B131	P20D1_EMENI	reviewed	Probable carboxypeptidase AN5749 (EC 3.4.17.-) (Peptidase M20 domain-containing protein AN5749)	AN5749	Emericella nidulans (strain FGSC A4 / ATCC 38163 / CBS 112.46 / NRRL 194 / M139) (Aspergillus nidulans)	424
B4F192	B4F192	ARGE_PROMH	reviewed	Acetylornithine deacetylase (AO) (Acetylornithinase) (EC 3.5.1.16) (N-acetylornithinase) (NAO)	argE PMI3236	Proteus mirabilis (strain HI4320)	387
C5PE42	C5PE42	P20D1_COCP7	reviewed	Probable carboxypeptidase CPC735_001200 (EC 3.4.17.-) (Peptidase M20 domain-containing protein CPC735_001200)	CPC735_001200	Coccidioides posadasii (strain C735) (Valley fever fungus)	452
B5FBP7	B5FBP7	ARGE_ALIFM	reviewed	Acetylornithine deacetylase (AO) (Acetylornithinase) (EC 3.5.1.16) (N-acetylornithinase) (NAO)	argE VFMJ11_2419	Aliivibrio fischeri (strain MJ11) (Vibrio fischeri)	378
Q5E2E4	Q5E2E4	ARGE_ALIF1	reviewed	Acetylornithine deacetylase (AO) (Acetylornithinase) (EC 3.5.1.16) (N-acetylornithinase) (NAO)	argE VF_2307	Aliivibrio fischeri (strain ATCC 700601 / ES114) (Vibrio fischeri)	378
Q21WT4	Q21WT4	DAPE_RHOFT	reviewed	Succinyl-diaminopimelate desuccinylase (SDAP desuccinylase) (EC 3.5.1.18) (N-succinyl-LL-2,6-diaminoheptanedioate amidohydrolase)	dapE Rfer_2044	Rhodoferax ferrireducens (strain ATCC BAA-621 / DSM 15236 / T118) (Albidiferax ferrireducens)	391
Q9K4Z7	Q9K4Z7	ARGE_MORPR	reviewed	Acetylornithine deacetylase (AO) (Acetylornithinase) (EC 3.5.1.16) (N-acetylornithinase) (NAO)	argE	Moritella profunda	381
Q0VQG3	Q0VQG3	DAPE_ALCBS	reviewed	Succinyl-diaminopimelate desuccinylase (SDAP desuccinylase) (EC 3.5.1.18) (N-succinyl-LL-2,6-diaminoheptanedioate amidohydrolase)	dapE ABO_1137	Alcanivorax borkumensis (strain ATCC 700651 / DSM 11573 / NCIMB 13689 / SK2)	377
B8D6V9	B8D6V9	ARGE_BUCAT	reviewed	Acetylornithine deacetylase (AO) (Acetylornithinase) (EC 3.5.1.16) (N-acetylornithinase) (NAO)	argE BUAPTUC7_047	Buchnera aphidicola subsp. Acyrthosiphon pisum (strain Tuc7)	381
E9DG92	E9DG92	P20D1_COCPS	reviewed	Probable carboxypeptidase CPSG_08841 (EC 3.4.17.-) (Peptidase M20 domain-containing protein CPSG_08841)	CPSG_08841	Coccidioides posadasii (strain RMSCC 757 / Silveira) (Valley fever fungus)	452
A6Q7J0	A6Q7J0	DAPE_SULNB	reviewed	Succinyl-diaminopimelate desuccinylase (SDAP desuccinylase) (EC 3.5.1.18) (N-succinyl-LL-2,6-diaminoheptanedioate amidohydrolase)	dapE SUN_0489	Sulfurovum sp. (strain NBC37-1)	367
B9KHC9	B9KHC9	DAPE_ANAMF	reviewed	Succinyl-diaminopimelate desuccinylase (SDAP desuccinylase) (EC 3.5.1.18) (N-succinyl-LL-2,6-diaminoheptanedioate amidohydrolase)	dapE AMF_1021	Anaplasma marginale (strain Florida)	381
Q931I4	Q931I4	DAPE_STAAM	reviewed	Probable succinyl-diaminopimelate desuccinylase (SDAP desuccinylase) (EC 3.5.1.18)	dapE SAV2006	Staphylococcus aureus (strain Mu50 / ATCC 700699)	400
P45494	P45494	PEPV_LACDL	reviewed	Beta-Ala-Xaa dipeptidase (EC 3.4.13.-) (Beta-Ala-His dipeptidase) (Peptidase V)	pepV	Lactobacillus delbrueckii subsp. lactis	470
Q6G7T6	Q6G7T6	DAPE_STAAS	reviewed	Probable succinyl-diaminopimelate desuccinylase (SDAP desuccinylase) (EC 3.5.1.18)	dapE SAS1926	Staphylococcus aureus (strain MSSA476)	407
Q99SN6	Q99SN6	DAPE_STAAN	reviewed	Probable succinyl-diaminopimelate desuccinylase (SDAP desuccinylase) (EC 3.5.1.18)	dapE SA1814	Staphylococcus aureus (strain N315)	407
A8LJT5	A8LJT5	DAPE_DINSH	reviewed	Succinyl-diaminopimelate desuccinylase (SDAP desuccinylase) (EC 3.5.1.18) (N-succinyl-LL-2,6-diaminoheptanedioate amidohydrolase)	dapE Dshi_0012	Dinoroseobacter shibae (strain DSM 16493 / NCIMB 14021 / DFL 12)	379
Q6GF48	Q6GF48	DAPE_STAAR	reviewed	Probable succinyl-diaminopimelate desuccinylase (SDAP desuccinylase) (EC 3.5.1.18)	dapE SAR2109	Staphylococcus aureus (strain MRSA252)	407
A8GHK9	A8GHK9	DAPE_SERP5	reviewed	Succinyl-diaminopimelate desuccinylase (SDAP desuccinylase) (EC 3.5.1.18) (N-succinyl-LL-2,6-diaminoheptanedioate amidohydrolase)	dapE Spro_3501	Serratia proteamaculans (strain 568)	375
Q5N8F2	Q5N8F2	ILL2_ORYSJ	reviewed	IAA-amino acid hydrolase ILR1-like 2 (EC 3.5.1.-)	ILL2 Os01g0706900 LOC_Os01g51060 P0510F09.6 P0692C11.28	Oryza sativa subsp. japonica (Rice)	456
A8GDC2	A8GDC2	PEPT_SERP5	reviewed	Peptidase T (EC 3.4.11.4) (Aminotripeptidase) (Tripeptidase) (Tripeptide aminopeptidase)	pepT Spro_2009	Serratia proteamaculans (strain 568)	409
Q6AYS7	Q6AYS7	ACY1A_RAT	reviewed	Aminoacylase-1A (ACY-1A) (EC 3.5.1.14) (ACY IA) (N-acyl-L-amino-acid amidohydrolase)	Acy1a Acy1	Rattus norvegicus (Rat)	408
Q835J5	Q835J5	PEPT_ENTFA	reviewed	Peptidase T (EC 3.4.11.4) (Aminotripeptidase) (Tripeptidase) (Tripeptide aminopeptidase)	pepT pepT-1 EF_1382	Enterococcus faecalis (strain ATCC 700802 / V583)	409
A5F4Z7	A5F4Z7	ARGE_VIBC3	reviewed	Acetylornithine deacetylase (AO) (Acetylornithinase) (EC 3.5.1.16) (N-acetylornithinase) (NAO)	argE VC0395_A2221 VC395_2758	Vibrio cholerae serotype O1 (strain ATCC 39541 / Classical Ogawa 395 / O395)	378
B6IPH8	B6IPH8	DAPE_RHOCS	reviewed	Succinyl-diaminopimelate desuccinylase (SDAP desuccinylase) (EC 3.5.1.18) (N-succinyl-LL-2,6-diaminoheptanedioate amidohydrolase)	dapE RC1_2293	Rhodospirillum centenum (strain ATCC 51521 / SW)	386
Q3SJE0	Q3SJE0	DAPE_THIDA	reviewed	Succinyl-diaminopimelate desuccinylase (SDAP desuccinylase) (EC 3.5.1.18) (N-succinyl-LL-2,6-diaminoheptanedioate amidohydrolase)	dapE Tbd_1271	Thiobacillus denitrificans (strain ATCC 25259)	392
Q3YT10	Q3YT10	DAPE_EHRCJ	reviewed	Succinyl-diaminopimelate desuccinylase (SDAP desuccinylase) (EC 3.5.1.18) (N-succinyl-LL-2,6-diaminoheptanedioate amidohydrolase)	dapE Ecaj_0094	Ehrlichia canis (strain Jake)	380
Q03154	Q03154	ACY1_HUMAN	reviewed	Aminoacylase-1 (ACY-1) (EC 3.5.1.14) (N-acyl-L-amino-acid amidohydrolase)	ACY1	Homo sapiens (Human)	408
Q8P8J5	Q8P8J5	ACDAS_XANCP	reviewed	N-acetyl-L-citrulline deacetylase (ACDase) (Acetylcitrulline deacetylase) (EC 3.5.1.-)	argE' argE XCC2246	Xanthomonas campestris pv. campestris (strain ATCC 33913 / DSM 3586 / NCPPB 528 / LMG 568 / P 25)	366
Q6LXF3	Q6LXF3	Y1398_METMP	reviewed	Uncharacterized metallohydrolase MMP1398 (EC 3.-.-.-)	MMP1398	Methanococcus maripaludis (strain S2 / LL)	415
C5BFN3	C5BFN3	PEPT_EDWI9	reviewed	Peptidase T (EC 3.4.11.4) (Aminotripeptidase) (Tripeptidase) (Tripeptide aminopeptidase)	pepT NT01EI_1819	Edwardsiella ictaluri (strain 93-146)	412
Q3J9B0	Q3J9B0	DAPE_NITOC	reviewed	Succinyl-diaminopimelate desuccinylase (SDAP desuccinylase) (EC 3.5.1.18) (N-succinyl-LL-2,6-diaminoheptanedioate amidohydrolase)	dapE Noc_2126	Nitrosococcus oceani (strain ATCC 19707 / BCRC 17464 / NCIMB 11848 / C-107)	376
Q5GS68	Q5GS68	DAPE_WOLTR	reviewed	Succinyl-diaminopimelate desuccinylase (SDAP desuccinylase) (EC 3.5.1.18) (N-succinyl-LL-2,6-diaminoheptanedioate amidohydrolase)	dapE Wbm0568	Wolbachia sp. subsp. Brugia malayi (strain TRS)	401
Q9YBY3	Q9YBY3	LYSK_AERPE	reviewed	Putative [LysW]-lysine/[LysW]-ornithine hydrolase (EC 3.5.1.130) (EC 3.5.1.132)	lysK APE_1467.1	Aeropyrum pernix (strain ATCC 700893 / DSM 11879 / JCM 9820 / NBRC 100138 / K1)	350
Q2NS82	Q2NS82	DAPE_SODGM	reviewed	Succinyl-diaminopimelate desuccinylase (SDAP desuccinylase) (EC 3.5.1.18) (N-succinyl-LL-2,6-diaminoheptanedioate amidohydrolase)	dapE SG1718	Sodalis glossinidius (strain morsitans)	375
Q5RFB0	Q5RFB0	ACY1_PONAB	reviewed	Aminoacylase-1 (ACY-1) (EC 3.5.1.14) (N-acyl-L-amino-acid amidohydrolase)	ACY1	Pongo abelii (Sumatran orangutan) (Pongo pygmaeus abelii)	408
P54969	P54969	ILL1_ARATH	reviewed	IAA-amino acid hydrolase ILR1-like 1 (EC 3.5.1.-)	ILL1 At5g56650 MIK19.10	Arabidopsis thaliana (Mouse-ear cress)	438
Q99JW2	Q99JW2	ACY1_MOUSE	reviewed	Aminoacylase-1 (ACY-1) (EC 3.5.1.14) (N-acyl-L-amino-acid amidohydrolase)	Acy1	Mus musculus (Mouse)	408
Q47FB0	Q47FB0	DAPE_DECAR	reviewed	Succinyl-diaminopimelate desuccinylase (SDAP desuccinylase) (EC 3.5.1.18) (N-succinyl-LL-2,6-diaminoheptanedioate amidohydrolase)	dapE Daro_1724	Dechloromonas aromatica (strain RCB)	377
B6JJP4	B6JJP4	DAPE_AFIC5	reviewed	Succinyl-diaminopimelate desuccinylase (SDAP desuccinylase) (EC 3.5.1.18) (N-succinyl-LL-2,6-diaminoheptanedioate amidohydrolase)	dapE OCAR_7536 OCA5_c06040	Afipia carboxidovorans (strain ATCC 49405 / DSM 1227 / KCTC 32145 / OM5) (Oligotropha carboxidovorans)	384
A1U3R0	A1U3R0	DAPE_MARHV	reviewed	Succinyl-diaminopimelate desuccinylase (SDAP desuccinylase) (EC 3.5.1.18) (N-succinyl-LL-2,6-diaminoheptanedioate amidohydrolase)	dapE Maqu_2554	Marinobacter hydrocarbonoclasticus (strain ATCC 700491 / DSM 11845 / VT8)	376
A2RBC2	A2RBC2	P20D1_ASPNC	reviewed	Probable carboxypeptidase An18g06210 (EC 3.4.17.-) (Peptidase M20 domain-containing protein An18g06210)	An18g06210	Aspergillus niger (strain CBS 513.88 / FGSC A1513)	416
A5WD56	A5WD56	DAPE_PSYWF	reviewed	Succinyl-diaminopimelate desuccinylase (SDAP desuccinylase) (EC 3.5.1.18) (N-succinyl-LL-2,6-diaminoheptanedioate amidohydrolase)	dapE PsycPRwf_0642	Psychrobacter sp. (strain PRwf-1)	402
B8D701	B8D701	DAPE_BUCAT	reviewed	Succinyl-diaminopimelate desuccinylase (SDAP desuccinylase) (EC 3.5.1.18) (N-succinyl-LL-2,6-diaminoheptanedioate amidohydrolase)	dapE BUAPTUC7_094	Buchnera aphidicola subsp. Acyrthosiphon pisum (strain Tuc7)	375
Q9CM22	Q9CM22	DAPE_PASMU	reviewed	Succinyl-diaminopimelate desuccinylase (SDAP desuccinylase) (EC 3.5.1.18) (N-succinyl-LL-2,6-diaminoheptanedioate amidohydrolase)	dapE PM1022	Pasteurella multocida (strain Pm70)	378
P57196	P57196	DAPE_BUCAI	reviewed	Succinyl-diaminopimelate desuccinylase (SDAP desuccinylase) (EC 3.5.1.18) (N-succinyl-LL-2,6-diaminoheptanedioate amidohydrolase)	dapE BU095	Buchnera aphidicola subsp. Acyrthosiphon pisum (strain APS) (Acyrthosiphon pisum symbiotic bacterium)	375
Q0CTS9	Q0CTS9	P20D1_ASPTN	reviewed	Probable carboxypeptidase ATEG_02905 (EC 3.4.17.-) (Peptidase M20 domain-containing protein ATEG_02905)	ATEG_02905	Aspergillus terreus (strain NIH 2624 / FGSC A1156)	433
Q9K4Z2	Q9K4Z2	ARGE_MORAB	reviewed	Acetylornithine deacetylase (AO) (Acetylornithinase) (EC 3.5.1.16) (N-acetylornithinase) (NAO)	argE	Moritella abyssi	382
Q6PTT0	Q6PTT0	ACY1B_RAT	reviewed	Aminoacylase-1B (ACY-1B) (EC 3.5.1.14) (ACY IB) (N-acyl-L-amino-acid amidohydrolase)	Acy1b Acy1	Rattus norvegicus (Rat)	408
B9J8D0	B9J8D0	DAPE_AGRRK	reviewed	Succinyl-diaminopimelate desuccinylase (SDAP desuccinylase) (EC 3.5.1.18) (N-succinyl-LL-2,6-diaminoheptanedioate amidohydrolase)	dapE Arad_0684	Agrobacterium radiobacter (strain K84 / ATCC BAA-868)	397
A6VMI0	A6VMI0	DAPE_ACTSZ	reviewed	Succinyl-diaminopimelate desuccinylase (SDAP desuccinylase) (EC 3.5.1.18) (N-succinyl-LL-2,6-diaminoheptanedioate amidohydrolase)	dapE Asuc_0807	Actinobacillus succinogenes (strain ATCC 55618 / DSM 22257 / CCUG 43843 / 130Z)	376
Q9V1I3	Q9V1I3	LYSK_PYRAB	reviewed	Putative [LysW]-lysine/[LysW]-ornithine hydrolase (EC 3.5.1.130) (EC 3.5.1.132)	lysK PYRAB04440 PAB0294	Pyrococcus abyssi (strain GE5 / Orsay)	337
C6DFW1	C6DFW1	PEPT_PECCP	reviewed	Peptidase T (EC 3.4.11.4) (Aminotripeptidase) (Tripeptidase) (Tripeptide aminopeptidase)	pepT PC1_1863	Pectobacterium carotovorum subsp. carotovorum (strain PC1)	410
B0UT10	B0UT10	DAPE_HISS2	reviewed	Succinyl-diaminopimelate desuccinylase (SDAP desuccinylase) (EC 3.5.1.18) (N-succinyl-LL-2,6-diaminoheptanedioate amidohydrolase)	dapE HSM_0927	Histophilus somni (strain 2336) (Haemophilus somnus)	377
Q0I1X3	Q0I1X3	DAPE_HAES1	reviewed	Succinyl-diaminopimelate desuccinylase (SDAP desuccinylase) (EC 3.5.1.18) (N-succinyl-LL-2,6-diaminoheptanedioate amidohydrolase)	dapE HS_0578	Haemophilus somnus (strain 129Pt) (Histophilus somni)	377
B8D8K5	B8D8K5	ARGE_BUCA5	reviewed	Acetylornithine deacetylase (AO) (Acetylornithinase) (EC 3.5.1.16) (N-acetylornithinase) (NAO)	argE BUAP5A_046	Buchnera aphidicola subsp. Acyrthosiphon pisum (strain 5A)	381
Q6D4E3	Q6D4E3	PEPT_PECAS	reviewed	Peptidase T (EC 3.4.11.4) (Aminotripeptidase) (Tripeptidase) (Tripeptide aminopeptidase)	pepT ECA2448	Pectobacterium atrosepticum (strain SCRI 1043 / ATCC BAA-672) (Erwinia carotovora subsp. atroseptica)	410
Q8XPD8	Q8XPD8	PEPT_CLOPE	reviewed	Peptidase T (EC 3.4.11.4) (Aminotripeptidase) (Tripeptidase) (Tripeptide aminopeptidase)	pepT CPE0025	Clostridium perfringens (strain 13 / Type A)	406
Q8S9S4	Q8S9S4	ILL1_ORYSJ	reviewed	IAA-amino acid hydrolase ILR1-like 1 (EC 3.5.1.-)	ILL1 IAR Os01g0560000 LOC_Os01g37960 B1064G04.44 OsJ_002169	Oryza sativa subsp. japonica (Rice)	442
P37111	P37111	ACY1_PIG	reviewed	Aminoacylase-1 (ACY-1) (EC 3.5.1.14) (N-acyl-L-amino-acid amidohydrolase)	ACY1	Sus scrofa (Pig)	407
B2KZE7	B2KZE7	TPDA_CORST	reviewed	Cysteinylglycine-S-conjugate dipeptidase (EC 3.4.13.23) (Thiol precursor dipeptidase)	tpdA	Corynebacterium striatum	455
Q84XG9	Q84XG9	ILL1_ORYSI	reviewed	IAA-amino acid hydrolase ILR1-like 1 (EC 3.5.1.-)	ILL1 IAR OsI_002388	Oryza sativa subsp. indica (Rice)	442
Q851L6	Q851L6	ILL4_ORYSJ	reviewed	IAA-amino acid hydrolase ILR1-like 4 (EC 3.5.1.-)	ILL4 Os03g0836900 LOC_Os03g62070 OSJNBa0042I09.28	Oryza sativa subsp. japonica (Rice)	414
Q0SWT9	Q0SWT9	PEPT_CLOPS	reviewed	Peptidase T (EC 3.4.11.4) (Aminotripeptidase) (Tripeptidase) (Tripeptide aminopeptidase)	pepT CPR_0029	Clostridium perfringens (strain SM101 / Type A)	406
A1JL17	A1JL17	DAPE_YERE8	reviewed	Succinyl-diaminopimelate desuccinylase (SDAP desuccinylase) (EC 3.5.1.18) (N-succinyl-LL-2,6-diaminoheptanedioate amidohydrolase)	dapE YE1147	Yersinia enterocolitica serotype O:8 / biotype 1B (strain NCTC 13174 / 8081)	375
O50173	O50173	IAAH_ENTAG	reviewed	Indole-3-acetyl-aspartic acid hydrolase (EC 3.5.1.134) (IAA-Asp hydrolase)	iaaH	Enterobacter agglomerans (Erwinia herbicola) (Pantoea agglomerans)	436
Q4QP83	Q4QP83	DAPE_HAEI8	reviewed	Succinyl-diaminopimelate desuccinylase (SDAP desuccinylase) (EC 3.5.1.18) (N-succinyl-LL-2,6-diaminoheptanedioate amidohydrolase)	dapE NTHI0182	Haemophilus influenzae (strain 86-028NP)	377
Q501L1	Q501L1	P20D2_XENTR	reviewed	Peptidase M20 domain-containing protein 2 (Aminoacylase-1-like protein 2)	pm20d2 acy1l2	Xenopus tropicalis (Western clawed frog) (Silurana tropicalis)	443
